﻿<?xml version="1.0" encoding="utf-8"?>
<systemvariables version="4">
  <namespace name="" comment="" interface="">
    <namespace name="SYT" comment="" interface="">
      <namespace name="Pressure" comment="" interface="">
        <variable anlyzLocal="2" readOnly="false" valueSequence="false" unit="" name="Error_stop" comment="" bitcount="32" isSigned="true" encoding="65001" type="int" startValue="1" minValue="0" minValuePhys="0" maxValue="1" maxValuePhys="1" />
        <variable anlyzLocal="2" readOnly="false" valueSequence="false" unit="" name="Execute_Num" comment="" bitcount="32" isSigned="false" encoding="65001" type="int" startValue="3" />
        <variable anlyzLocal="2" readOnly="false" valueSequence="false" unit="" name="Pressure_switch" comment="" bitcount="32" isSigned="true" encoding="65001" type="int" startValue="1" minValue="0" minValuePhys="0" maxValue="1" maxValuePhys="1" />
      </namespace>
      <namespace name="Timing_Excep_sleep" comment="" interface="">
        <variable anlyzLocal="2" readOnly="false" valueSequence="false" unit="" context="CANoe" name="Timing_Excep_1" comment="[0]:Execute or not;  [1]:Number of executions;  [2]:Whether to stop in case of error" bitcount="32" isSigned="true" encoding="65001" type="intarray" arrayLength="3" startValue="1;3;1" />
        <variable anlyzLocal="2" readOnly="false" valueSequence="false" unit="" context="CANoe" name="Timing_Excep_2" comment="[0]:Execute or not;  [1]:Number of executions;  [2]:Whether to stop in case of error" bitcount="32" isSigned="true" encoding="65001" type="intarray" arrayLength="3" />
        <variable anlyzLocal="2" readOnly="false" valueSequence="false" unit="" name="Timing_Excep_sleep_default_button" comment="" bitcount="32" isSigned="true" encoding="65001" type="int" startValue="1" minValue="0" minValuePhys="0" maxValue="1" maxValuePhys="1" />
        <variable anlyzLocal="2" readOnly="false" valueSequence="false" unit="" name="Timing_Excep_sleep_switch" comment="" bitcount="32" isSigned="true" encoding="65001" type="int" startValue="1" minValue="0" minValuePhys="0" maxValue="1" maxValuePhys="1" />
      </namespace>
      <namespace name="Timing_Excep_wake" comment="" interface="">
        <variable anlyzLocal="2" readOnly="false" valueSequence="false" unit="" context="CANoe" name="Timing_Excep_3" comment="[0]:Execute or not;  [1]:Number of executions;  [2]:Whether to stop in case of error" bitcount="32" isSigned="true" encoding="65001" type="intarray" arrayLength="3" />
        <variable anlyzLocal="2" readOnly="false" valueSequence="false" unit="" context="CANoe" name="Timing_Excep_4" comment="[0]:Execute or not;  [1]:Number of executions;  [2]:Whether to stop in case of error" bitcount="32" isSigned="true" encoding="65001" type="intarray" arrayLength="3" />
        <variable anlyzLocal="2" readOnly="false" valueSequence="false" unit="" name="Timing_Excep_wake_default_button" comment="" bitcount="32" isSigned="true" encoding="65001" type="int" startValue="1" minValue="0" minValuePhys="0" maxValue="1" maxValuePhys="1" />
        <variable anlyzLocal="2" readOnly="false" valueSequence="false" unit="" name="Timing_Excep_wake_switch" comment="" bitcount="32" isSigned="true" encoding="65001" type="int" startValue="1" minValue="0" minValuePhys="0" maxValue="1" maxValuePhys="1" />
      </namespace>
      <namespace name="Vol_Excep" comment="" interface="">
        <variable anlyzLocal="2" readOnly="false" valueSequence="false" unit="" context="CANoe" name="Vol_Excep_1" comment="[0]:Execute or not;  [1]:Number of executions;  [2]:Whether to stop in case of error" bitcount="32" isSigned="true" encoding="65001" type="intarray" arrayLength="3" startValue="1;2;1" />
        <variable anlyzLocal="2" readOnly="false" valueSequence="false" unit="" context="CANoe" name="Vol_Excep_10" comment="[0]:Execute or not;  [1]:Number of executions;  [2]:Whether to stop in case of error" bitcount="32" isSigned="true" encoding="65001" type="intarray" arrayLength="3" />
        <variable anlyzLocal="2" readOnly="false" valueSequence="false" unit="" context="CANoe" name="Vol_Excep_11" comment="[0]:Execute or not;  [1]:Number of executions;  [2]:Whether to stop in case of error" bitcount="32" isSigned="true" encoding="65001" type="intarray" arrayLength="3" />
        <variable anlyzLocal="2" readOnly="false" valueSequence="false" unit="" context="CANoe" name="Vol_Excep_2" comment="[0]:Execute or not;  [1]:Number of executions;  [2]:Whether to stop in case of error" bitcount="32" isSigned="true" encoding="65001" type="intarray" arrayLength="3" />
        <variable anlyzLocal="2" readOnly="false" valueSequence="false" unit="" context="CANoe" name="Vol_Excep_3" comment="[0]:Execute or not;  [1]:Number of executions;  [2]:Whether to stop in case of error" bitcount="32" isSigned="true" encoding="65001" type="intarray" arrayLength="3" />
        <variable anlyzLocal="2" readOnly="false" valueSequence="false" unit="" context="CANoe" name="Vol_Excep_4" comment="[0]:Execute or not;  [1]:Number of executions;  [2]:Whether to stop in case of error" bitcount="32" isSigned="true" encoding="65001" type="intarray" arrayLength="3" />
        <variable anlyzLocal="2" readOnly="false" valueSequence="false" unit="" context="CANoe" name="Vol_Excep_5" comment="[0]:Execute or not;  [1]:Number of executions;  [2]:Whether to stop in case of error" bitcount="32" isSigned="true" encoding="65001" type="intarray" arrayLength="3" />
        <variable anlyzLocal="2" readOnly="false" valueSequence="false" unit="" context="CANoe" name="Vol_Excep_6" comment="[0]:Execute or not;  [1]:Number of executions;  [2]:Whether to stop in case of error" bitcount="32" isSigned="true" encoding="65001" type="intarray" arrayLength="3" />
        <variable anlyzLocal="2" readOnly="false" valueSequence="false" unit="" context="CANoe" name="Vol_Excep_7" comment="[0]:Execute or not;  [1]:Number of executions;  [2]:Whether to stop in case of error" bitcount="32" isSigned="true" encoding="65001" type="intarray" arrayLength="3" />
        <variable anlyzLocal="2" readOnly="false" valueSequence="false" unit="" context="CANoe" name="Vol_Excep_8" comment="[0]:Execute or not;  [1]:Number of executions;  [2]:Whether to stop in case of error" bitcount="32" isSigned="true" encoding="65001" type="intarray" arrayLength="3" />
        <variable anlyzLocal="2" readOnly="false" valueSequence="false" unit="" context="CANoe" name="Vol_Excep_9" comment="[0]:Execute or not;  [1]:Number of executions;  [2]:Whether to stop in case of error" bitcount="32" isSigned="true" encoding="65001" type="intarray" arrayLength="3" />
        <variable anlyzLocal="2" readOnly="false" valueSequence="false" unit="" name="Vol_Excep_default_button" comment="" bitcount="32" isSigned="true" encoding="65001" type="int" startValue="1" minValue="0" minValuePhys="0" maxValue="1" maxValuePhys="1" />
        <variable anlyzLocal="2" readOnly="false" valueSequence="false" unit="" name="Vol_Excep_switch" comment="" bitcount="32" isSigned="true" encoding="65001" type="int" startValue="1" minValue="0" minValuePhys="0" maxValue="1" maxValuePhys="1" />
      </namespace>
      <namespace name="Wake_Source_Excep" comment="" interface="">
        <variable anlyzLocal="2" readOnly="false" valueSequence="false" unit="" context="CANoe" name="Wake_Source_Excep_1" comment="[0]:Execute or not;  [1]:Number of executions;  [2]:Whether to stop in case of error" bitcount="32" isSigned="true" encoding="65001" type="intarray" arrayLength="3" />
        <variable anlyzLocal="2" readOnly="false" valueSequence="false" unit="" context="CANoe" name="Wake_Source_Excep_10" comment="[0]:Execute or not;  [1]:Number of executions;  [2]:Whether to stop in case of error" bitcount="32" isSigned="true" encoding="65001" type="intarray" arrayLength="3" />
        <variable anlyzLocal="2" readOnly="false" valueSequence="false" unit="" context="CANoe" name="Wake_Source_Excep_11" comment="[0]:Execute or not;  [1]:Number of executions;  [2]:Whether to stop in case of error" bitcount="32" isSigned="true" encoding="65001" type="intarray" arrayLength="3" />
        <variable anlyzLocal="2" readOnly="false" valueSequence="false" unit="" context="CANoe" name="Wake_Source_Excep_12" comment="[0]:Execute or not;  [1]:Number of executions;  [2]:Whether to stop in case of error" bitcount="32" isSigned="true" encoding="65001" type="intarray" arrayLength="3" />
        <variable anlyzLocal="2" readOnly="false" valueSequence="false" unit="" context="CANoe" name="Wake_Source_Excep_13" comment="[0]:Execute or not;  [1]:Number of executions;  [2]:Whether to stop in case of error" bitcount="32" isSigned="true" encoding="65001" type="intarray" arrayLength="3" />
        <variable anlyzLocal="2" readOnly="false" valueSequence="false" unit="" context="CANoe" name="Wake_Source_Excep_14" comment="[0]:Execute or not;  [1]:Number of executions;  [2]:Whether to stop in case of error" bitcount="32" isSigned="true" encoding="65001" type="intarray" arrayLength="3" />
        <variable anlyzLocal="2" readOnly="false" valueSequence="false" unit="" context="CANoe" name="Wake_Source_Excep_15" comment="[0]:Execute or not;  [1]:Number of executions;  [2]:Whether to stop in case of error" bitcount="32" isSigned="true" encoding="65001" type="intarray" arrayLength="3" />
        <variable anlyzLocal="2" readOnly="false" valueSequence="false" unit="" context="CANoe" name="Wake_Source_Excep_16" comment="[0]:Execute or not;  [1]:Number of executions;  [2]:Whether to stop in case of error" bitcount="32" isSigned="true" encoding="65001" type="intarray" arrayLength="3" />
        <variable anlyzLocal="2" readOnly="false" valueSequence="false" unit="" context="CANoe" name="Wake_Source_Excep_17" comment="[0]:Execute or not;  [1]:Number of executions;  [2]:Whether to stop in case of error" bitcount="32" isSigned="true" encoding="65001" type="intarray" arrayLength="3" />
        <variable anlyzLocal="2" readOnly="false" valueSequence="false" unit="" context="CANoe" name="Wake_Source_Excep_18" comment="[0]:Execute or not;  [1]:Number of executions;  [2]:Whether to stop in case of error" bitcount="32" isSigned="true" encoding="65001" type="intarray" arrayLength="3" />
        <variable anlyzLocal="2" readOnly="false" valueSequence="false" unit="" context="CANoe" name="Wake_Source_Excep_19" comment="[0]:Execute or not;  [1]:Number of executions;  [2]:Whether to stop in case of error" bitcount="32" isSigned="true" encoding="65001" type="intarray" arrayLength="3" />
        <variable anlyzLocal="2" readOnly="false" valueSequence="false" unit="" context="CANoe" name="Wake_Source_Excep_2" comment="[0]:Execute or not;  [1]:Number of executions;  [2]:Whether to stop in case of error" bitcount="32" isSigned="true" encoding="65001" type="intarray" arrayLength="3" />
        <variable anlyzLocal="2" readOnly="false" valueSequence="false" unit="" context="CANoe" name="Wake_Source_Excep_3" comment="[0]:Execute or not;  [1]:Number of executions;  [2]:Whether to stop in case of error" bitcount="32" isSigned="true" encoding="65001" type="intarray" arrayLength="3" />
        <variable anlyzLocal="2" readOnly="false" valueSequence="false" unit="" context="CANoe" name="Wake_Source_Excep_4" comment="[0]:Execute or not;  [1]:Number of executions;  [2]:Whether to stop in case of error" bitcount="32" isSigned="true" encoding="65001" type="intarray" arrayLength="3" />
        <variable anlyzLocal="2" readOnly="false" valueSequence="false" unit="" context="CANoe" name="Wake_Source_Excep_5" comment="[0]:Execute or not;  [1]:Number of executions;  [2]:Whether to stop in case of error" bitcount="32" isSigned="true" encoding="65001" type="intarray" arrayLength="3" />
        <variable anlyzLocal="2" readOnly="false" valueSequence="false" unit="" context="CANoe" name="Wake_Source_Excep_6" comment="[0]:Execute or not;  [1]:Number of executions;  [2]:Whether to stop in case of error" bitcount="32" isSigned="true" encoding="65001" type="intarray" arrayLength="3" />
        <variable anlyzLocal="2" readOnly="false" valueSequence="false" unit="" context="CANoe" name="Wake_Source_Excep_7" comment="[0]:Execute or not;  [1]:Number of executions;  [2]:Whether to stop in case of error" bitcount="32" isSigned="true" encoding="65001" type="intarray" arrayLength="3" />
        <variable anlyzLocal="2" readOnly="false" valueSequence="false" unit="" context="CANoe" name="Wake_Source_Excep_8" comment="[0]:Execute or not;  [1]:Number of executions;  [2]:Whether to stop in case of error" bitcount="32" isSigned="true" encoding="65001" type="intarray" arrayLength="3" />
        <variable anlyzLocal="2" readOnly="false" valueSequence="false" unit="" context="CANoe" name="Wake_Source_Excep_9" comment="[0]:Execute or not;  [1]:Number of executions;  [2]:Whether to stop in case of error" bitcount="32" isSigned="true" encoding="65001" type="intarray" arrayLength="3" />
        <variable anlyzLocal="2" readOnly="false" valueSequence="false" unit="" name="WakeSource_Excep_default_button" comment="" bitcount="32" isSigned="true" encoding="65001" type="int" startValue="1" minValue="0" minValuePhys="0" maxValue="1" maxValuePhys="1" />
        <variable anlyzLocal="2" readOnly="false" valueSequence="false" unit="" name="WakeSource_Excep_switch" comment="" bitcount="32" isSigned="true" encoding="65001" type="int" startValue="1" minValue="0" minValuePhys="0" maxValue="1" maxValuePhys="1" />
      </namespace>
      <variable anlyzLocal="2" readOnly="false" valueSequence="false" unit="" context="CANoe" name="ExecuCaseName" comment="" bitcount="0" isSigned="true" encoding="65001" type="string" startValue="TC_Vol_Excep_7" />
      <variable anlyzLocal="2" readOnly="false" valueSequence="false" unit="" context="CANoe" name="ExecuProgress" comment="" bitcount="64" isSigned="true" encoding="65001" type="float" startValue="47.68" minValue="0" maxValue="100" />
      <variable anlyzLocal="2" readOnly="false" valueSequence="false" unit="" name="logging_switch" comment="" bitcount="32" isSigned="true" encoding="65001" type="int" startValue="1" minValue="0" minValuePhys="0" maxValue="1" maxValuePhys="1" />
      <variable anlyzLocal="2" readOnly="false" valueSequence="false" unit="" context="CANoe" name="ProgressDataStr" comment="" bitcount="0" isSigned="true" encoding="65001" type="string" startValue="23 / 34" />
    </namespace>
  </namespace>
</systemvariables>